ConfigId,SourceType,SourcePath,SourceSchema,SourceTable,DestinationFilesLakehouse,DestinationDB,DestinationSchema,DestinationTable,LoadType,TargetZone,LoadOrder
1,SQL,demo_datahub_brz_lh,dbo,stg_crm_customers,Warehouse,demo_datahub_slv_wh,dbo,DWH_CUSTOMER,Merge,silver,1
2,SQL,demo_datahub_brz_lh,dbo,stg_erp_orders,Warehouse,demo_datahub_slv_wh,dbo,FACT_ORDER,Merge,silver,3
3,SQL,demo_datahub_brz_lh,dbo,stg_mdm_products,Warehouse,demo_datahub_slv_wh,dbo,DIM_PRODUCT,Merge,silver,2
4,SQL,demo_datahub_brz_lh,dbo,stg_mdm_categories,Warehouse,demo_datahub_slv_wh,dbo,DIM_CATEGORY,Merge,silver,1
5,SQL,demo_datahub_brz_lh,dbo,stg_mdm_families,Warehouse,demo_datahub_slv_wh,dbo,DIM_FAMILY,Merge,silver,1
6,SQL,demo_datahub_slv_wh,dbo,FACT_ORDER,Warehouse,demo_datahub_gld_wh,dbo,FACT_SALES_SUMMARY,Full,gold,5
7,SQL,demo_datahub_slv_wh,dbo,DWH_CUSTOMER,Warehouse,demo_datahub_gld_wh,dbo,DIM_CUSTOMER_GOLD,Merge,gold,4
8,SQL,CRM_SOURCE,dbo,OSUSR_CUSTOMER_ACCOUNT,Lakehouse,demo_datahub_brz_lh,dbo,stg_crm_customers,Full,bronze,1
9,SQL,ERP_SOURCE,dbo,SALES_ORDER_HEADER,Lakehouse,demo_datahub_brz_lh,dbo,stg_erp_orders,Full,bronze,1
10,SQL,MDM_SOURCE,dbo,PRODUCT_MASTER,Lakehouse,demo_datahub_brz_lh,dbo,stg_mdm_products,Full,bronze,1
